Year,OffenseDescription,Count
2015,VANDALISM,2660
2015,M/V - LEAVING SCENE - PROPERTY DAMAGE,2651
2015,INVESTIGATE PERSON,2512
2015,ASSAULT SIMPLE - BATTERY,2393
2015,SICK/INJURED/MEDICAL - PERSON,2384
2015,LARCENY THEFT FROM BUILDING,1885
2015,LARCENY THEFT FROM MV - NON-ACCESSORY,1668
2015,THREATS TO DO BODILY HARM,1588
2015,TOWED MOTOR VEHICLE,1559
2015,VERBAL DISPUTE,1509
2015,PROPERTY - LOST,1418
2015,WARRANT ARREST,1319
2015,INVESTIGATE PROPERTY,1269
2015,LARCENY SHOPLIFTING,1230
2015,LARCENY ALL OTHERS,1141
2015,M/V ACCIDENT - PROPERTY  DAMAGE,1008
2015,ASSAULT - AGGRAVATED - BATTERY,877
2015,M/V ACCIDENT - PERSONAL INJURY,829
2015,FRAUD - FALSE PRETENSE / SCHEME,783
2015,MISSING PERSON - LOCATED,734
2015,SERVICE TO OTHER PD INSIDE OF MA.,733
2015,AUTO THEFT,713
2015,VAL - VIOLATION OF AUTO LAW - OTHER,691
2015,FRAUD - CREDIT CARD / ATM FRAUD,657
2015,ROBBERY - STREET,653
2015,MISSING PERSON,637
2015,BURGLARY - RESIDENTIAL - NO FORCE,628
2015,PROPERTY - FOUND,606
2015,BURGLARY - RESIDENTIAL - FORCE,603
2015,LARCENY THEFT OF BICYCLE,576
2015,DRUGS - SALE / MANUFACTURING,576
2015,VAL - OPERATING AFTER REV/SUSP.,550
2015,TRESPASSING,522
2015,ASSAULT - AGGRAVATED,504
2015,VAL - OPERATING WITHOUT LICENSE,460
2015,LARCENY THEFT OF MV PARTS & ACCESSORIES,444
2015,"DRUGS - POSS CLASS B - COCAINE, ETC.",414
2015,DRUGS - POSS CLASS B - INTENT TO MFR DIST DISP,386
2015,DRUGS - OTHER,369
2015,HARASSMENT,358
2015,M/V ACCIDENT INVOLVING PEDESTRIAN - INJURY,282
2015,FORGERY / COUNTERFEITING,274
2015,DRUGS - POSS CLASS A - INTENT TO MFR DIST DISP,271
2015,"DRUGS - POSS CLASS A - HEROIN, ETC. ",266
2015,DRUGS - POSS CLASS D,245
2015,VAL - OPERATING UNREG/UNINS  CAR,240
2015,DISORDERLY CONDUCT,235
2015,M/V ACCIDENT - OTHER,230
2015,LICENSE PREMISE VIOLATION,228
2015,M/V - LEAVING SCENE - PERSONAL INJURY,220
2015,DEATH INVESTIGATION,218
2015,AUTO THEFT - MOTORCYCLE / SCOOTER,214
2015,DRUGS - SICK ASSIST - HEROIN,212
2015,VIOL. OF RESTRAINING ORDER W NO ARREST,211
2015,SICK/INJURED/MEDICAL - POLICE,204
2015,ASSAULT - SIMPLE,199
2015,BURGLARY - RESIDENTIAL - ATTEMPT,190
2015,"FIRE REPORT - HOUSE, BUILDING, ETC.",189
2015,STOLEN PROPERTY - BUYING / RECEIVING / POSSESSING,186
2015,M/V ACCIDENT - INVOLVING  BICYCLE - INJURY,185
2015,SUDDEN DEATH,178
2015,FIREARM/WEAPON - FOUND OR CONFISCATED,173
2015,BURGLARY - COMMERICAL - FORCE,171
2015,"WEAPON - FIREARM - CARRYING / POSSESSING, ETC",170
2015,SEARCH WARRANT,166
2015,LANDLORD - TENANT SERVICE,166
2015,FRAUD - IMPERSONATION,166
2015,BALLISTICS EVIDENCE/FOUND,166
2015,"WEAPON - OTHER - CARRYING / POSSESSING, ETC",158
2015,DISTURBING THE PEACE,156
2015,OTHER OFFENSE,153
2015,NOISY PARTY/RADIO-NO ARREST,150
2015,PROPERTY - ACCIDENTAL DAMAGE,140
2015,RECOVERED - MV RECOVERED IN BOSTON (STOLEN OUTSIDE BOSTON),137
2015,ROBBERY - OTHER,131
2015,LIQUOR - DRINKING IN PUBLIC,127
2015,DRUGS - POSS CLASS E,124
2015,M/V ACCIDENT - POLICE VEHICLE,119
2015,M/V ACCIDENT - OTHER CITY VEHICLE,116
2015,M/V ACCIDENT - INVOLVING BICYCLE - NO INJURY,112
2015,LARCENY PICK-POCKET,111
2015,PROPERTY - MISSING,107
2015,VAL - OPERATING W/O AUTHORIZATION LAWFUL,104
2015,OPERATING UNDER THE INFLUENCE ALCOHOL,103
2015,"FIRE REPORT - CAR, BRUSH, ETC.",101
2015,MISSING PERSON - NOT REPORTED - LOCATED,94
2015,DRUGS - SICK ASSIST - OTHER HARMFUL DRUG,88
2015,EVADING FARE,79
2015,ROBBERY - COMMERCIAL,78
2015,DRUGS - POSS CLASS C,77
2015,M/V ACCIDENT - INVOLVING PEDESTRIAN - NO INJURY,75
2015,DRUGS - POSSESSION,75
2015,M/V PLATES - LOST,74
2015,SUICIDE / SUICIDE ATTEMPT,72
2015,DEMONSTRATIONS/RIOT,72
2015,PROPERTY - STOLEN THEN RECOVERED,71
2015,ANIMAL CONTROL - DOG BITES - ETC.,71
2015,LIQUOR LAW VIOLATION,64
2015,INTIMIDATING WITNESS,63
2015,POSSESSION OF BURGLARIOUS TOOLS,61
2015,EMBEZZLEMENT,61
2015,AUTO THEFT - LEASED/RENTED VEHICLE,61
2015,DRUGS - SICK ASSIST - OTHER NARCOTIC,60
2015,DANGEROUS OR HAZARDOUS CONDITION,59
2015,ANIMAL INCIDENTS,59
2015,VIOLATION - CITY ORDINANCE,56
2015,BURGLARY - OTHER - FORCE,54
2015,BURGLARY - COMMERICAL - NO FORCE,52
2015,ANNOYING AND ACCOSTING,52
2015,EXTORTION OR BLACKMAIL,50
2015,WEAPON - FIREARM - OTHER VIOLATION,49
2015,CHILD ENDANGERMENT,49
2015,DRUGS - POSS CLASS D - INTENT TO MFR DIST DISP,48
2015,BURGLARY - OTHER - NO FORCE,47
2015,CRIMINAL HARASSMENT,42
2015,LARCENY PURSE SNATCH - NO FORCE ,41
2015,GRAFFITI,41
2015,FRAUD - WIRE,40
2015,CHILD ENDANGERMENT (NO ASSAULT),40
2015,ROBBERY - HOME INVASION,37
2015,VIOL. OF RESTRAINING ORDER W ARREST,36
2015,DRUGS - POSSESSION OF DRUG PARAPHANALIA,35
2015,PROPERTY - LOST THEN LOCATED,34
2015,WEAPON - OTHER - OTHER VIOLATION,31
2015,ROBBERY - BANK,29
2015,PROSTITUTION - SOLICITING,29
2015,FUGITIVE FROM JUSTICE,29
2015,"MURDER, NON-NEGLIGIENT MANSLAUGHTER",27
2015,BURGLARY - COMMERICAL - ATTEMPT,25
2015,DRUGS - CONSP TO VIOL CONTROLLED SUBSTANCE,24
2015,AFFRAY,24
2015,CHILD ABANDONMENT (NO ASSAULT),23
2015,REPORT AFFECTING OTHER DEPTS.,22
2015,INVESTIGATION FOR ANOTHER AGENCY,21
2015,FIRE REPORT/ALARM - FALSE,20
2015,SERVICE TO OTHER PD OUTSIDE OF MA.,18
2015,BOMB THREAT,17
2015,ROBBERY - CAR JACKING,16
2015,RECOVERED STOLEN PLATE,15
2015,OPERATING UNDER THE INFLUENCE DRUGS,15
2015,VIOLATION - CITY ORDINANCE CONSTRUCTION PERMIT,14
2015,GATHERING CAUSING ANNOYANCE,13
2015,STALKING,12
2015,OBSCENE MATERIALS - PORNOGRAPHY,11
2015,HARBOR INCIDENT / VIOLATION,11
2015,BURGLARY - OTHER - ATTEMPT,11
2015,ARSON,11
2015,INJURY BICYCLE NO M/V INVOLVED,10
2015,ANIMAL ABUSE,10
2015,KIDNAPPING - ENTICING OR ATTEMPTED,9
2015,DRUGS - CLASS B TRAFFICKING OVER 18 GRAMS,9
2015,PROSTITUTION - COMMON NIGHTWALKER,8
2015,KIDNAPPING/CUSTODIAL KIDNAPPING,8
2015,PRISONER - SUICIDE / SUICIDE ATTEMPT,7
2015,ASSAULT & BATTERY,7
2015,OBSCENE PHONE CALLS,6
2015,DRUGS - POSS CLASS C - INTENT TO MFR DIST DISP,6
2015,PROSTITUTION,5
2015,NOISY PARTY/RADIO-ARREST,5
2015,CHINS,5
2015,VIOLATION - HAWKER AND PEDDLER,4
2015,TRUANCY / RUNAWAY,4
2015,PRISONER ESCAPE / ESCAPE & RECAPTURE,4
2015,LARCENY SHOPLIFTING $200 & OVER,4
2015,LARCENY OTHER $200 & OVER,4
2015,FRAUD - WELFARE,4
2015,CONSPIRACY EXCEPT DRUG LAW,4
2015,AIRCRAFT INCIDENTS,4
2015,LARCENY THEFT FROM COIN-OP MACHINE,3
2015,LARCENY SHOPLIFTING UNDER $50,3
2015,FIREARM/WEAPON - POSSESSION OF DANGEROUS,3
2015,EXPLOSIVES - TURNED IN OR FOUND,3
2015,EXPLOSIVES - POSSESSION OR USE,3
2015,DRUGS - POSS CLASS E - INTENT TO MFR DIST DISP,3
2015,"DRUGS - POSS CLASS A - HEROIN, ETC.",3
2015,DRUGS - CLASS A TRAFFICKING OVER 18 GRAMS,3
2015,ASSAULT & BATTERY D/W - OTHER,3
2015,LARCENY SHOPLIFTING $50 TO $199,2
2015,LARCENY IN A BUILDING $200 & OVER,2
2015,LARCENY BICYCLE $200 & OVER,2
2015,GAMBLING - BETTING / WAGERING,2
2015,FIREARM/WEAPON - LOST,2
2015,FIREARM/WEAPON - ACCIDENTAL INJURY / DEATH,2
2015,CUSTODIAL KIDNAPPING,2
2015,B&E NON-RESIDENCE DAY - NO FORCE,2
2015,B&E NON-RESIDENCE DAY - FORCIBLE,2
2015,ABDUCTION - INTICING,2
2015,WEAPON - FIREARM - SALE / TRAFFICKING,1
2015,ROBBERY ATTEMPT - KNIFE - BANK,1
2015,ROBBERY - UNARMED - STREET,1
2015,ROBBERY - UNARMED - BUSINESS,1
2015,ROBBERY - KNIFE - STREET,1
2015,PROTECTIVE CUSTODY / SAFEKEEPING,1
2015,PROSTITUTION - ASSISTING OR PROMOTING,1
2015,PROPERTY - CONCEALING LEASED,1
2015,LARCENY OTHER UNDER $50,1
2015,LARCENY NON-ACCESSORY FROM VEH. $50 TO $199,1
2015,LARCENY IN A BUILDING UNDER $50,1
2015,FRAUDS - ALL OTHER,1
2015,FORGERY OR UTTERING,1
2015,FIREARM/WEAPON - CARRY - SELL - RENT,1
2015,DRUGS - POSS CLASS E INTENT TO MF DIST DISP,1
2015,"DRUGS - POSS CLASS D - MARIJUANA, ETC.",1
2015,DISORDERLY PERSON,1
2015,COUNTERFEITING,1
2015,CONTRIBUTING TO DELINQUENCY OF MINOR,1
2015,CHILD ABUSE,1
2015,B&E RESIDENCE NIGHT - ATTEMPT FORCE,1
2015,B&E RESIDENCE DAY - NO FORCE,1
2015,B&E NON-RESIDENCE NIGHT - FORCE,1
2015,B&E NON-RESIDENCE DAY - NO PROP TAKEN,1
2015,ASSAULT D/W - OTHER,1
2015,ASSAULT D/W - KNIFE ON POLICE OFFICER,1
2015,ANNOYING AND ACCOSTIN,1
2015,A&B ON POLICE OFFICER,1
2016,INVESTIGATE PERSON,5764
2016,SICK/INJURED/MEDICAL - PERSON,5495
2016,M/V - LEAVING SCENE - PROPERTY DAMAGE,5070
2016,VANDALISM,4953
2016,ASSAULT SIMPLE - BATTERY,4467
2016,VERBAL DISPUTE,4099
2016,INVESTIGATE PROPERTY,3354
2016,TOWED MOTOR VEHICLE,3223
2016,LARCENY THEFT FROM MV - NON-ACCESSORY,2917
2016,WARRANT ARREST,2837
2016,LARCENY THEFT FROM BUILDING,2775
2016,THREATS TO DO BODILY HARM,2760
2016,PROPERTY - LOST,2633
2016,LARCENY SHOPLIFTING,2450
2016,M/V ACCIDENT - PROPERTY  DAMAGE,2055
2016,LARCENY ALL OTHERS,1790
2016,M/V ACCIDENT - PERSONAL INJURY,1590
2016,MISSING PERSON - LOCATED,1507
2016,ASSAULT - AGGRAVATED - BATTERY,1475
2016,HARASSMENT,1365
2016,FRAUD - FALSE PRETENSE / SCHEME,1349
2016,MISSING PERSON,1273
2016,AUTO THEFT,1165
2016,FRAUD - CREDIT CARD / ATM FRAUD,1078
2016,PROPERTY - FOUND,1045
2016,ROBBERY - STREET,1031
2016,TRESPASSING,972
2016,ASSAULT - AGGRAVATED,885
2016,VAL - VIOLATION OF AUTO LAW - OTHER,875
2016,VAL - OPERATING AFTER REV/SUSP.,834
2016,BURGLARY - RESIDENTIAL - FORCE,821
2016,SERVICE TO OTHER PD INSIDE OF MA.,807
2016,M/V ACCIDENT - OTHER,796
2016,"DRUGS - POSS CLASS B - COCAINE, ETC.",784
2016,BURGLARY - RESIDENTIAL - NO FORCE,765
2016,LARCENY THEFT OF BICYCLE,663
2016,DRUGS - SALE / MANUFACTURING,657
2016,VAL - OPERATING WITHOUT LICENSE,634
2016,LARCENY THEFT OF MV PARTS & ACCESSORIES,599
2016,LICENSE PREMISE VIOLATION,585
2016,M/V ACCIDENT INVOLVING PEDESTRIAN - INJURY,572
2016,DRUGS - POSS CLASS B - INTENT TO MFR DIST DISP,558
2016,FORGERY / COUNTERFEITING,493
2016,SICK/INJURED/MEDICAL - POLICE,453
2016,"DRUGS - POSS CLASS A - HEROIN, ETC. ",450
2016,VIOL. OF RESTRAINING ORDER W NO ARREST,436
2016,DRUGS - POSS CLASS D,432
2016,"FIRE REPORT - HOUSE, BUILDING, ETC.",431
2016,DISORDERLY CONDUCT,418
2016,SUDDEN DEATH,409
2016,DRUGS - OTHER,408
2016,M/V - LEAVING SCENE - PERSONAL INJURY,389
2016,DRUGS - SICK ASSIST - HEROIN,379
2016,FRAUD - IMPERSONATION,368
2016,DRUGS - POSS CLASS A - INTENT TO MFR DIST DISP,368
2016,DEATH INVESTIGATION,364
2016,DRUGS - POSS CLASS D - INTENT TO MFR DIST DISP,357
2016,RECOVERED - MV RECOVERED IN BOSTON (STOLEN OUTSIDE BOSTON),311
2016,STOLEN PROPERTY - BUYING / RECEIVING / POSSESSING,310
2016,M/V ACCIDENT - INVOLVING  BICYCLE - INJURY,305
2016,BALLISTICS EVIDENCE/FOUND,303
2016,VAL - OPERATING UNREG/UNINS  CAR,302
2016,LANDLORD - TENANT SERVICE,295
2016,PROPERTY - ACCIDENTAL DAMAGE,294
2016,SEARCH WARRANT,293
2016,DISTURBING THE PEACE,293
2016,BURGLARY - COMMERICAL - FORCE,281
2016,"WEAPON - FIREARM - CARRYING / POSSESSING, ETC",279
2016,ASSAULT - SIMPLE,254
2016,M/V ACCIDENT - POLICE VEHICLE,240
2016,M/V ACCIDENT - OTHER CITY VEHICLE,234
2016,NOISY PARTY/RADIO-NO ARREST,233
2016,AUTO THEFT - MOTORCYCLE / SCOOTER,224
2016,PROPERTY - MISSING,222
2016,MISSING PERSON - NOT REPORTED - LOCATED,198
2016,ROBBERY - OTHER,197
2016,BURGLARY - RESIDENTIAL - ATTEMPT,195
2016,LIQUOR - DRINKING IN PUBLIC,192
2016,OTHER OFFENSE,190
2016,"WEAPON - OTHER - CARRYING / POSSESSING, ETC",184
2016,FIREARM/WEAPON - FOUND OR CONFISCATED,183
2016,DRUGS - POSS CLASS E,182
2016,VIOLATION - CITY ORDINANCE,173
2016,OPERATING UNDER THE INFLUENCE ALCOHOL,157
2016,VAL - OPERATING W/O AUTHORIZATION LAWFUL,153
2016,LARCENY PICK-POCKET,153
2016,"FIRE REPORT - CAR, BRUSH, ETC.",153
2016,DRUGS - SICK ASSIST - OTHER HARMFUL DRUG,153
2016,ROBBERY - COMMERCIAL,152
2016,M/V ACCIDENT - INVOLVING BICYCLE - NO INJURY,145
2016,DRUGS - POSS CLASS C,145
2016,AUTO THEFT - LEASED/RENTED VEHICLE,144
2016,M/V ACCIDENT - INVOLVING PEDESTRIAN - NO INJURY,138
2016,M/V PLATES - LOST,130
2016,EVADING FARE,128
2016,PROPERTY - STOLEN THEN RECOVERED,121
2016,SUICIDE / SUICIDE ATTEMPT,113
2016,ANIMAL CONTROL - DOG BITES - ETC.,112
2016,GRAFFITI,110
2016,BURGLARY - COMMERICAL - NO FORCE,107
2016,DRUGS - SICK ASSIST - OTHER NARCOTIC,98
2016,VIOL. OF RESTRAINING ORDER W ARREST,96
2016,FRAUD - WIRE,92
2016,DANGEROUS OR HAZARDOUS CONDITION,91
2016,LIQUOR LAW VIOLATION,86
2016,INTIMIDATING WITNESS,85
2016,EMBEZZLEMENT,84
2016,WEAPON - FIREARM - OTHER VIOLATION,83
2016,ANIMAL INCIDENTS,82
2016,DEMONSTRATIONS/RIOT,80
2016,CHILD ENDANGERMENT,80
2016,AFFRAY,79
2016,ROBBERY - BANK,72
2016,EXTORTION OR BLACKMAIL,71
2016,INVESTIGATION FOR ANOTHER AGENCY,68
2016,FUGITIVE FROM JUSTICE,67
2016,BURGLARY - OTHER - FORCE,65
2016,DRUGS - POSS CLASS C - INTENT TO MFR DIST DISP,64
2016,DRUGS - POSSESSION,61
2016,REPORT AFFECTING OTHER DEPTS.,60
2016,BURGLARY - OTHER - NO FORCE,59
2016,PROPERTY - LOST THEN LOCATED,57
2016,LARCENY PURSE SNATCH - NO FORCE ,57
2016,CHILD ENDANGERMENT (NO ASSAULT),56
2016,PROSTITUTION - SOLICITING,55
2016,HARBOR INCIDENT / VIOLATION,54
2016,POSSESSION OF BURGLARIOUS TOOLS,53
2016,DRUGS - POSS CLASS E - INTENT TO MFR DIST DISP,53
2016,DRUGS - CLASS A TRAFFICKING OVER 18 GRAMS,51
2016,"MURDER, NON-NEGLIGIENT MANSLAUGHTER",47
2016,WEAPON - OTHER - OTHER VIOLATION,46
2016,SERVICE TO OTHER PD OUTSIDE OF MA.,46
2016,BURGLARY - COMMERICAL - ATTEMPT,43
2016,DRUGS - CLASS B TRAFFICKING OVER 18 GRAMS,40
2016,BOMB THREAT,38
2016,CRIMINAL HARASSMENT,35
2016,ANNOYING AND ACCOSTING,35
2016,ARSON,34
2016,ROBBERY - HOME INVASION,32
2016,OPERATING UNDER THE INFLUENCE DRUGS,32
2016,HOME INVASION,29
2016,FIRE REPORT/ALARM - FALSE,29
2016,INJURY BICYCLE NO M/V INVOLVED,26
2016,VIOLATION - CITY ORDINANCE CONSTRUCTION PERMIT,24
2016,ROBBERY - CAR JACKING,20
2016,ANIMAL ABUSE,18
2016,STALKING,17
2016,DRUGS - POSSESSION OF DRUG PARAPHANALIA,17
2016,DRUGS - CONSP TO VIOL CONTROLLED SUBSTANCE,17
2016,OBSCENE MATERIALS - PORNOGRAPHY,16
2016,RECOVERED STOLEN PLATE,15
2016,TRUANCY / RUNAWAY,14
2016,NOISY PARTY/RADIO-ARREST,14
2016,KIDNAPPING - ENTICING OR ATTEMPTED,14
2016,CHILD ABANDONMENT (NO ASSAULT),14
2016,CHINS,13
2016,PROTECTIVE CUSTODY / SAFEKEEPING,11
2016,PROSTITUTION,11
2016,BURGLARY - OTHER - ATTEMPT,11
2016,OBSCENE PHONE CALLS,9
2016,KIDNAPPING/CUSTODIAL KIDNAPPING,9
2016,WEAPON - FIREARM - SALE / TRAFFICKING,6
2016,PRISONER - SUICIDE / SUICIDE ATTEMPT,6
2016,GATHERING CAUSING ANNOYANCE,6
2016,FIREARM/WEAPON - ACCIDENTAL INJURY / DEATH,6
2016,FIREARM/WEAPON - LOST,5
2016,CONSPIRACY EXCEPT DRUG LAW,5
2016,ABDUCTION - INTICING,5
2016,VIOLATION - HAWKER AND PEDDLER,4
2016,FRAUD - WELFARE,4
2016,EXPLOSIVES - POSSESSION OR USE,4
2016,AIRCRAFT INCIDENTS,4
2016,MANSLAUGHTER - VEHICLE - NEGLIGENCE,3
2016,LARCENY THEFT FROM COIN-OP MACHINE,3
2016,LARCENY OTHER $200 & OVER,3
2016,LARCENY IN A BUILDING $200 & OVER,3
2016,EXPLOSIVES - TURNED IN OR FOUND,3
2016,CUSTODIAL KIDNAPPING,3
2016,ASSAULT & BATTERY D/W - OTHER,3
2016,PROSTITUTION - ASSISTING OR PROMOTING,2
2016,PROPERTY - RECEIVING STOLEN,2
2016,LARCENY OTHER $50 TO $199,2
2016,HUMAN TRAFFICKING - COMMERCIAL SEX ACTS,2
2016,"DRUGS - POSS CLASS A - HEROIN, ETC.",2
2016,AUTO THEFT - RECOVERED IN BY POLICE,2
2016,ROBBERY - UNARMED - STREET,1
2016,ROBBERY - UNARMED - RESIDENCE,1
2016,PROSTITUTION - COMMON NIGHTWALKER,1
2016,PROSTITUTE - COMMON NIGHTWALKER,1
2016,PROPERTY - CONCEALING LEASED,1
2016,PRISONER ESCAPE / ESCAPE & RECAPTURE,1
2016,MANSLAUGHTER - NON-VEHICLE - NEGLIGENCE,1
2016,LARCENY SHOPLIFTING UNDER $50,1
2016,LARCENY NON-ACCESSORY FROM VEH. UNDER $50,1
2016,LARCENY NON-ACCESSORY FROM VEH. $200 & OVER,1
2016,LARCENY IN A BUILDING $50 TO $199,1
2016,LARCENY BICYCLE $200 & OVER,1
2016,KILLING OF FELON BY POLICE,1
2016,HUMAN TRAFFICKING - INVOLUNTARY SERVITUDE,1
2016,FRAUD - FALSE PRETENSE,1
2016,FORGERY OR UTTERING,1
2016,DRUGS - POSS CLASS E INTENT TO MF DIST DISP,1
2016,DRUGS - GLUE INHALATION,1
2016,DRUGS - CLASS D TRAFFICKING OVER 50 GRAMS,1
2016,CONTRIBUTING TO DELINQUENCY OF MINOR,1
2016,B&E RESIDENCE DAY - NO PROP TAKEN,1
2016,AUTO THEFT OTHER,1
2016,AUTO THEFT LEASE/RENT VEHICLE,1
2016,AUTO THEFT - OUTSIDE - RECOVERED IN BOSTON,1
2016,ASSAULT & BATTERY D/W - KNIFE,1
2016,ASSAULT & BATTERY,1
2016,A&B ON POLICE OFFICER,1
2016,"A&B HANDS, FEET, ETC.  - MED. ATTENTION REQ.",1
2017,INVESTIGATE PERSON,6660
2017,SICK/INJURED/MEDICAL - PERSON,6277
2017,M/V - LEAVING SCENE - PROPERTY DAMAGE,5219
2017,VANDALISM,4773
2017,ASSAULT SIMPLE - BATTERY,4635
2017,VERBAL DISPUTE,4436
2017,INVESTIGATE PROPERTY,3972
2017,TOWED MOTOR VEHICLE,3951
2017,WARRANT ARREST,3098
2017,PROPERTY - LOST,2837
2017,LARCENY THEFT FROM BUILDING,2722
2017,THREATS TO DO BODILY HARM,2701
2017,LARCENY THEFT FROM MV - NON-ACCESSORY,2664
2017,LARCENY SHOPLIFTING,2436
2017,M/V ACCIDENT - PROPERTY  DAMAGE,2075
2017,LARCENY ALL OTHERS,1876
2017,M/V ACCIDENT - PERSONAL INJURY,1681
2017,ASSAULT - AGGRAVATED - BATTERY,1536
2017,HARASSMENT,1475
2017,MISSING PERSON - LOCATED,1319
2017,FRAUD - FALSE PRETENSE / SCHEME,1227
2017,PROPERTY - FOUND,1219
2017,M/V ACCIDENT - OTHER,1212
2017,MISSING PERSON,1160
2017,TRESPASSING,1157
2017,AUTO THEFT,1058
2017,ROBBERY - STREET,898
2017,FRAUD - CREDIT CARD / ATM FRAUD,890
2017,ASSAULT - AGGRAVATED,867
2017,"DRUGS - POSS CLASS B - COCAINE, ETC.",819
2017,BURGLARY - RESIDENTIAL - FORCE,779
2017,VAL - OPERATING AFTER REV/SUSP.,708
2017,VAL - VIOLATION OF AUTO LAW - OTHER,699
2017,DRUGS - POSS CLASS B - INTENT TO MFR DIST DISP,644
2017,LARCENY THEFT OF BICYCLE,599
2017,BURGLARY - RESIDENTIAL - NO FORCE,583
2017,LARCENY THEFT OF MV PARTS & ACCESSORIES,525
2017,VAL - OPERATING WITHOUT LICENSE,509
2017,LICENSE PREMISE VIOLATION,501
2017,SUDDEN DEATH,498
2017,M/V ACCIDENT INVOLVING PEDESTRIAN - INJURY,490
2017,"DRUGS - POSS CLASS A - HEROIN, ETC. ",484
2017,DRUGS - SALE / MANUFACTURING,482
2017,DISORDERLY CONDUCT,472
2017,FORGERY / COUNTERFEITING,457
2017,SICK/INJURED/MEDICAL - POLICE,450
2017,VIOL. OF RESTRAINING ORDER W NO ARREST,437
2017,M/V - LEAVING SCENE - PERSONAL INJURY,413
2017,"FIRE REPORT - HOUSE, BUILDING, ETC.",396
2017,DRUGS - POSS CLASS A - INTENT TO MFR DIST DISP,394
2017,RECOVERED - MV RECOVERED IN BOSTON (STOLEN OUTSIDE BOSTON),371
2017,FRAUD - IMPERSONATION,365
2017,DEATH INVESTIGATION,365
2017,DRUGS - SICK ASSIST - HEROIN,361
2017,SEARCH WARRANT,347
2017,SERVICE TO OTHER PD INSIDE OF MA.,346
2017,BALLISTICS EVIDENCE/FOUND,339
2017,DRUGS - OTHER,328
2017,BURGLARY - COMMERICAL - FORCE,312
2017,PROPERTY - ACCIDENTAL DAMAGE,287
2017,STOLEN PROPERTY - BUYING / RECEIVING / POSSESSING,286
2017,LIQUOR - DRINKING IN PUBLIC,285
2017,PROPERTY - MISSING,282
2017,LANDLORD - TENANT SERVICE,277
2017,M/V ACCIDENT - INVOLVING  BICYCLE - INJURY,272
2017,VAL - OPERATING UNREG/UNINS  CAR,269
2017,"WEAPON - FIREARM - CARRYING / POSSESSING, ETC",262
2017,DRUGS - POSS CLASS D - INTENT TO MFR DIST DISP,259
2017,M/V ACCIDENT - POLICE VEHICLE,254
2017,DISTURBING THE PEACE,250
2017,ASSAULT - SIMPLE,240
2017,AUTO THEFT - MOTORCYCLE / SCOOTER,225
2017,M/V ACCIDENT - OTHER CITY VEHICLE,223
2017,FIREARM/WEAPON - FOUND OR CONFISCATED,210
2017,ROBBERY - COMMERCIAL,201
2017,DRUGS - POSS CLASS E,188
2017,PROPERTY - STOLEN THEN RECOVERED,178
2017,M/V PLATES - LOST,172
2017,ROBBERY - OTHER,170
2017,MISSING PERSON - NOT REPORTED - LOCATED,169
2017,BURGLARY - RESIDENTIAL - ATTEMPT,166
2017,OTHER OFFENSE,161
2017,NOISY PARTY/RADIO-NO ARREST,161
2017,DRUGS - POSS CLASS C,159
2017,"WEAPON - OTHER - CARRYING / POSSESSING, ETC",149
2017,"FIRE REPORT - CAR, BRUSH, ETC.",144
2017,OPERATING UNDER THE INFLUENCE ALCOHOL,140
2017,FRAUD - WIRE,137
2017,VAL - OPERATING W/O AUTHORIZATION LAWFUL,128
2017,DRUGS - POSS CLASS D,126
2017,EVADING FARE,116
2017,M/V ACCIDENT - INVOLVING PEDESTRIAN - NO INJURY,115
2017,ANIMAL CONTROL - DOG BITES - ETC.,113
2017,LARCENY PICK-POCKET,112
2017,AFFRAY,112
2017,AUTO THEFT - LEASED/RENTED VEHICLE,110
2017,EMBEZZLEMENT,108
2017,HARBOR INCIDENT / VIOLATION,100
2017,SUICIDE / SUICIDE ATTEMPT,98
2017,DRUGS - POSS CLASS C - INTENT TO MFR DIST DISP,97
2017,M/V ACCIDENT - INVOLVING BICYCLE - NO INJURY,95
2017,INTIMIDATING WITNESS,93
2017,BURGLARY - COMMERICAL - NO FORCE,90
2017,ANIMAL INCIDENTS,88
2017,VIOLATION - CITY ORDINANCE,87
2017,VIOL. OF RESTRAINING ORDER W ARREST,84
2017,DANGEROUS OR HAZARDOUS CONDITION,83
2017,PROPERTY - LOST THEN LOCATED,82
2017,BURGLARY - OTHER - FORCE,82
2017,CHILD ENDANGERMENT,80
2017,DRUGS - SICK ASSIST - OTHER NARCOTIC,75
2017,LIQUOR LAW VIOLATION,73
2017,WEAPON - FIREARM - OTHER VIOLATION,72
2017,DEMONSTRATIONS/RIOT,72
2017,PROSTITUTION - SOLICITING,71
2017,DRUGS - CLASS B TRAFFICKING OVER 18 GRAMS,70
2017,DRUGS - POSS CLASS E - INTENT TO MFR DIST DISP,68
2017,SERVICE TO OTHER PD OUTSIDE OF MA.,67
2017,FUGITIVE FROM JUSTICE,66
2017,POSSESSION OF BURGLARIOUS TOOLS,64
2017,GRAFFITI,64
2017,INVESTIGATION FOR ANOTHER AGENCY,63
2017,DRUGS - SICK ASSIST - OTHER HARMFUL DRUG,57
2017,LARCENY PURSE SNATCH - NO FORCE ,56
2017,ROBBERY - BANK,55
2017,"MURDER, NON-NEGLIGIENT MANSLAUGHTER",54
2017,WEAPON - OTHER - OTHER VIOLATION,50
2017,FIRE REPORT/ALARM - FALSE,49
2017,CHILD ENDANGERMENT (NO ASSAULT),49
2017,DRUGS - POSSESSION,46
2017,DRUGS - CLASS A TRAFFICKING OVER 18 GRAMS,45
2017,BURGLARY - OTHER - NO FORCE,40
2017,REPORT AFFECTING OTHER DEPTS.,38
2017,DRUGS - CONSP TO VIOL CONTROLLED SUBSTANCE,36
2017,EXTORTION OR BLACKMAIL,35
2017,HOME INVASION,32
2017,ARSON,32
2017,ROBBERY - CAR JACKING,31
2017,BURGLARY - COMMERICAL - ATTEMPT,30
2017,CRIMINAL HARASSMENT,28
2017,RECOVERED STOLEN PLATE,26
2017,OPERATING UNDER THE INFLUENCE DRUGS,26
2017,KIDNAPPING/CUSTODIAL KIDNAPPING,23
2017,ANIMAL ABUSE,22
2017,AIRCRAFT INCIDENTS,22
2017,STALKING,20
2017,ROBBERY - HOME INVASION,20
2017,ANNOYING AND ACCOSTING,18
2017,INJURY BICYCLE NO M/V INVOLVED,16
2017,DRUGS - POSSESSION OF DRUG PARAPHANALIA,16
2017,OBSCENE MATERIALS - PORNOGRAPHY,15
2017,CHILD ABANDONMENT (NO ASSAULT),14
2017,PROSTITUTION,13
2017,KIDNAPPING - ENTICING OR ATTEMPTED,13
2017,CHINS,13
2017,BURGLARY - OTHER - ATTEMPT,11
2017,BOMB THREAT,11
2017,TRUANCY / RUNAWAY,10
2017,PROTECTIVE CUSTODY / SAFEKEEPING,10
2017,NOISY PARTY/RADIO-ARREST,7
2017,PROPERTY - CONCEALING LEASED,6
2017,PRISONER - SUICIDE / SUICIDE ATTEMPT,6
2017,LARCENY THEFT FROM COIN-OP MACHINE,6
2017,GAMBLING - BETTING / WAGERING,6
2017,WEAPON - FIREARM - SALE / TRAFFICKING,5
2017,VIOLATION - CITY ORDINANCE CONSTRUCTION PERMIT,5
2017,HUMAN TRAFFICKING - COMMERCIAL SEX ACTS,5
2017,EXPLOSIVES - TURNED IN OR FOUND,5
2017,CONTRIBUTING TO DELINQUENCY OF MINOR,5
2017,OBSCENE PHONE CALLS,4
2017,FRAUD - WELFARE,4
2017,CUSTODIAL KIDNAPPING,4
2017,CONSPIRACY EXCEPT DRUG LAW,4
2017,VIOLATION - HAWKER AND PEDDLER,3
2017,GATHERING CAUSING ANNOYANCE,3
2017,PROSTITUTION - COMMON NIGHTWALKER,2
2017,PRISONER ESCAPE / ESCAPE & RECAPTURE,2
2017,MANSLAUGHTER - VEHICLE - NEGLIGENCE,2
2017,FIREARM/WEAPON - LOST,2
2017,EXPLOSIVES - POSSESSION OR USE,2
2017,BIOLOGICAL THREATS,2
2017,VIOLATION - RESTRAINING ORDER,1
2017,ROBBERY - UNARMED - STREET,1
2017,PROSTITUTION - ASSISTING OR PROMOTING,1
2017,PRISONER ATTEMPT TO RESCUE,1
2017,MANSLAUGHTER - NON-VEHICLE - NEGLIGENCE,1
2017,HUMAN TRAFFICKING - INVOLUNTARY SERVITUDE,1
2017,DRUGS - CLASS D TRAFFICKING OVER 50 GRAMS,1
2017,ASSAULT & BATTERY D/W - OTHER ON POLICE OFFICER,1
2017,ABDUCTION - INTICING,1
2017,A&B ON POLICE OFFICER,1
2018,SICK/INJURED/MEDICAL - PERSON,4627
2018,INVESTIGATE PERSON,3818
2018,M/V - LEAVING SCENE - PROPERTY DAMAGE,3383
2018,ASSAULT SIMPLE - BATTERY,3296
2018,VERBAL DISPUTE,3055
2018,VANDALISM,2768
2018,TOWED MOTOR VEHICLE,2554
2018,INVESTIGATE PROPERTY,2529
2018,PROPERTY - LOST,2005
2018,THREATS TO DO BODILY HARM,1993
2018,LARCENY SHOPLIFTING,1833
2018,LARCENY THEFT FROM BUILDING,1687
2018,LARCENY THEFT FROM MV - NON-ACCESSORY,1644
2018,M/V ACCIDENT - PROPERTY  DAMAGE,1419
2018,LARCENY ALL OTHERS,1156
2018,WARRANT ARREST,1153
2018,FRAUD - FALSE PRETENSE / SCHEME,1054
2018,M/V ACCIDENT - PERSONAL INJURY,1031
2018,ASSAULT - AGGRAVATED - BATTERY,998
2018,PROPERTY - FOUND,828
2018,HARASSMENT,809
2018,MISSING PERSON - LOCATED,805
2018,MISSING PERSON,696
2018,AUTO THEFT,694
2018,M/V ACCIDENT - OTHER,687
2018,SERVICE TO OTHER PD INSIDE OF MA.,673
2018,ASSAULT - AGGRAVATED,654
2018,VAL - VIOLATION OF AUTO LAW - OTHER,629
2018,TRESPASSING,603
2018,"DRUGS - POSS CLASS B - COCAINE, ETC.",574
2018,DRUGS - POSS CLASS B - INTENT TO MFR DIST DISP,529
2018,VAL - OPERATING AFTER REV/SUSP.,526
2018,FRAUD - CREDIT CARD / ATM FRAUD,522
2018,ROBBERY - STREET,474
2018,LARCENY THEFT OF BICYCLE,427
2018,LICENSE PREMISE VIOLATION,387
2018,LARCENY THEFT OF MV PARTS & ACCESSORIES,383
2018,BURGLARY - RESIDENTIAL - NO FORCE,382
2018,BURGLARY - RESIDENTIAL - FORCE,382
2018,VAL - OPERATING WITHOUT LICENSE,360
2018,"DRUGS - POSS CLASS A - HEROIN, ETC. ",314
2018,M/V ACCIDENT INVOLVING PEDESTRIAN - INJURY,312
2018,SICK/INJURED/MEDICAL - POLICE,298
2018,DRUGS - POSS CLASS A - INTENT TO MFR DIST DISP,296
2018,DRUGS - SALE / MANUFACTURING,276
2018,DISORDERLY CONDUCT,272
2018,ASSAULT - SIMPLE,269
2018,DEATH INVESTIGATION,268
2018,M/V - LEAVING SCENE - PERSONAL INJURY,264
2018,SUDDEN DEATH,262
2018,VIOL. OF RESTRAINING ORDER W NO ARREST,254
2018,"FIRE REPORT - HOUSE, BUILDING, ETC.",253
2018,DRUGS - SICK ASSIST - HEROIN,253
2018,PROPERTY - MISSING,247
2018,VAL - OPERATING UNREG/UNINS  CAR,240
2018,RECOVERED - MV RECOVERED IN BOSTON (STOLEN OUTSIDE BOSTON),231
2018,LANDLORD - TENANT SERVICE,230
2018,FORGERY / COUNTERFEITING,227
2018,STOLEN PROPERTY - BUYING / RECEIVING / POSSESSING,219
2018,DRUGS - POSS CLASS D - INTENT TO MFR DIST DISP,215
2018,LIQUOR - DRINKING IN PUBLIC,192
2018,PROPERTY - ACCIDENTAL DAMAGE,191
2018,"WEAPON - FIREARM - CARRYING / POSSESSING, ETC",188
2018,BALLISTICS EVIDENCE/FOUND,173
2018,DRUGS - OTHER,169
2018,FRAUD - IMPERSONATION,166
2018,SEARCH WARRANT,160
2018,M/V ACCIDENT - OTHER CITY VEHICLE,159
2018,M/V ACCIDENT - INVOLVING  BICYCLE - INJURY,154
2018,M/V ACCIDENT - POLICE VEHICLE,153
2018,AUTO THEFT - MOTORCYCLE / SCOOTER,152
2018,BURGLARY - COMMERICAL - FORCE,148
2018,OTHER OFFENSE,140
2018,DISTURBING THE PEACE,138
2018,ROBBERY - OTHER,137
2018,"WEAPON - OTHER - CARRYING / POSSESSING, ETC",132
2018,MISSING PERSON - NOT REPORTED - LOCATED,132
2018,"FIRE REPORT - CAR, BRUSH, ETC.",127
2018,ROBBERY - COMMERCIAL,123
2018,FIREARM/WEAPON - FOUND OR CONFISCATED,122
2018,M/V PLATES - LOST,117
2018,BURGLARY - RESIDENTIAL - ATTEMPT,110
2018,DRUGS - POSS CLASS D,94
2018,DRUGS - POSS CLASS E,92
2018,AUTO THEFT - LEASED/RENTED VEHICLE,87
2018,M/V ACCIDENT - INVOLVING PEDESTRIAN - NO INJURY,86
2018,OPERATING UNDER THE INFLUENCE ALCOHOL,84
2018,EVADING FARE,84
2018,PROPERTY - STOLEN THEN RECOVERED,82
2018,LARCENY PICK-POCKET,79
2018,VAL - OPERATING W/O AUTHORIZATION LAWFUL,78
2018,DRUGS - SICK ASSIST - OTHER NARCOTIC,78
2018,DRUGS - POSS CLASS C,77
2018,NOISY PARTY/RADIO-NO ARREST,76
2018,M/V ACCIDENT - INVOLVING BICYCLE - NO INJURY,74
2018,DANGEROUS OR HAZARDOUS CONDITION,74
2018,SUICIDE / SUICIDE ATTEMPT,73
2018,ANIMAL CONTROL - DOG BITES - ETC.,71
2018,INTIMIDATING WITNESS,68
2018,FRAUD - WIRE,65
2018,SERVICE TO OTHER PD OUTSIDE OF MA.,64
2018,BURGLARY - COMMERICAL - NO FORCE,59
2018,FUGITIVE FROM JUSTICE,58
2018,DRUGS - CLASS B TRAFFICKING OVER 18 GRAMS,58
2018,ANIMAL INCIDENTS,56
2018,DEMONSTRATIONS/RIOT,55
2018,VIOLATION - CITY ORDINANCE,54
2018,PROPERTY - LOST THEN LOCATED,54
2018,VIOL. OF RESTRAINING ORDER W ARREST,52
2018,POSSESSION OF BURGLARIOUS TOOLS,49
2018,BURGLARY - OTHER - FORCE,48
2018,HARBOR INCIDENT / VIOLATION,47
2018,CHILD ENDANGERMENT,47
2018,REPORT AFFECTING OTHER DEPTS.,46
2018,GRAFFITI,46
2018,EMBEZZLEMENT,43
2018,INVESTIGATION FOR ANOTHER AGENCY,42
2018,CHILD ENDANGERMENT (NO ASSAULT),40
2018,DRUGS - SICK ASSIST - OTHER HARMFUL DRUG,39
2018,OBSCENE MATERIALS - PORNOGRAPHY,38
2018,DRUGS - POSS CLASS C - INTENT TO MFR DIST DISP,38
2018,WEAPON - FIREARM - OTHER VIOLATION,34
2018,LARCENY PURSE SNATCH - NO FORCE ,34
2018,AFFRAY,34
2018,"MURDER, NON-NEGLIGIENT MANSLAUGHTER",33
2018,LIQUOR LAW VIOLATION,33
2018,DRUGS - CLASS A TRAFFICKING OVER 18 GRAMS,33
2018,EXTORTION OR BLACKMAIL,32
2018,DRUGS - POSS CLASS E - INTENT TO MFR DIST DISP,30
2018,FIRE REPORT/ALARM - FALSE,28
2018,CRIMINAL HARASSMENT,26
2018,ROBBERY - BANK,25
2018,BURGLARY - OTHER - NO FORCE,25
2018,ANNOYING AND ACCOSTING,21
2018,WEAPON - OTHER - OTHER VIOLATION,20
2018,ROBBERY - CAR JACKING,19
2018,OPERATING UNDER THE INFLUENCE DRUGS,17
2018,ARSON,17
2018,HOME INVASION,16
2018,ROBBERY - HOME INVASION,15
2018,BURGLARY - COMMERICAL - ATTEMPT,14
2018,ANIMAL ABUSE,14
2018,STALKING,13
2018,DRUGS - POSSESSION,13
2018,OBSCENE PHONE CALLS,12
2018,RECOVERED STOLEN PLATE,11
2018,DRUGS - CONSP TO VIOL CONTROLLED SUBSTANCE,9
2018,BOMB THREAT,9
2018,VIOLATION - CITY ORDINANCE CONSTRUCTION PERMIT,8
2018,KIDNAPPING/CUSTODIAL KIDNAPPING,8
2018,KIDNAPPING - ENTICING OR ATTEMPTED,8
2018,CHILD ABANDONMENT (NO ASSAULT),8
2018,BURGLARY - OTHER - ATTEMPT,8
2018,DRUGS - POSSESSION OF DRUG PARAPHANALIA,7
2018,PROSTITUTION - SOLICITING,6
2018,CONSPIRACY EXCEPT DRUG LAW,6
2018,AIRCRAFT INCIDENTS,6
2018,PROTECTIVE CUSTODY / SAFEKEEPING,5
2018,INJURY BICYCLE NO M/V INVOLVED,5
2018,GATHERING CAUSING ANNOYANCE,5
2018,CHINS,5
2018,VIOLATION - HAWKER AND PEDDLER,4
2018,PRISONER - SUICIDE / SUICIDE ATTEMPT,4
2018,LARCENY THEFT FROM COIN-OP MACHINE,4
2018,EXPLOSIVES - POSSESSION OR USE,4
2018,DRUGS - CLASS D TRAFFICKING OVER 50 GRAMS,4
2018,ABDUCTION - INTICING,4
2018,TRUANCY / RUNAWAY,3
2018,NOISY PARTY/RADIO-ARREST,3
2018,FRAUD - WELFARE,3
2018,EXPLOSIVES - TURNED IN OR FOUND,3
2018,PROPERTY - CONCEALING LEASED,2
2018,PRISONER ESCAPE / ESCAPE & RECAPTURE,2
2018,FIREARM/WEAPON - ACCIDENTAL INJURY / DEATH,2
2018,WEAPON - FIREARM - SALE / TRAFFICKING,1
2018,ROBBERY - UNARMED - CHAIN STORE,1
2018,PROSTITUTION - COMMON NIGHTWALKER,1
2018,FIREARM/WEAPON - LOST,1
2018,DRUGS - POSS CLASS D - INTENT MFR DIST DISP,1
2018,CONTRIBUTING TO DELINQUENCY OF MINOR,1
